Shim ID,FHFC Key,HUD REMS,Public Housing Development #,Florida DOR Parcel,Development Name,Street Address,City,Zip Code,County,County Size,Housing Programs,Total Units,Assisted Units,HUD/RD Rental Assistance Units,Public Housing ACC Units,FHFC Funded,HUD Multifamily Funded,HUD Public Housing Funded,RD Funded,LHFA Funded,Target Population,Occupancy Status,Affordability Start Date,Year built (property appraiser),Owner Type,Overall year of subsidy expiration,Latitude,Longitude,Census Tract,Census Block Group,Number of 0 BR,Number of 1 BR,Number of 2 BR,Number of 3 BR,Number of 4 or more BR,Developer Name and Contact Information,Owner Name and Contact information,Units <=35% AMI,Units 40-50% AMI,Units 55-60% AMI,Units 65-80% AMI,Units >80% AMI,0 BR Av. Rent ($),1 BR Av. Rent ($),2 BR Av. Rent ($),3 BR Av. Rent ($),4+ BR Av. Rent ($),Average Rent/FMR ratio,0 BR Utility Allowance ($),1 BR Utility Allowance ($),2 BR Utility Allowance ($),3 BR Utility Allowance ($),4 BR Utility Allowance ($),Occupancy Rate,Last Property Sale Price ($),Last Property Sale Date,Just Value ($),Has Housing Credits 4%,Has Housing Credits 9%,Has SAIL,Has State Bonds,Has State HOME,Has EHCL,Has Demonstration,Has PLP,Has Rental Assistance/HUD,Has Section 202 Capital Advance,Has Section 202 Direct Loan,Has Section 811,Has HUD Use Agreement,Has Section 542,Has Section 207,Has Section 231,Has Public Housing,RAD conversion,Has Rental Assistance/RD,Has Section 515,Has Section 514/516,Has Local Bonds,HC 4% Funding Year,HC 9% Funding Year,SAIL Funding Year,State Bonds Funding Year,State HOME Funding Year,HUD Rental Assistance Current Contract Start Date,Section 202 Direct Loan Funding Date,Rental Assistance/RD Funding Date,Section 515 Funding Date,Section 514/516 Funding Date,HC 4% Expiration Date,HC 9% Expiration Date,SAIL Expiration Date,State Bonds Expiration Date,State HOME Expiration Date,HUD Mark-to-Market Est. Expiration Date,HUD Rental Assistance Expiration Date,HUD Section 202 Capital Advance Expiration Date,HUD Section 202 Direct Loan Maturity Date,HUD Section 811 Capital Advance Expiration Date,HUD Use Agreement Expiration,Section 514/516 Maturity Date,Section 515 Maturity Date,Local Bonds Maturity Date,FHFC Preservation Set-Aside,In QCT 2022,In DDA 2022,Average Household Size (Persons),% of Households w/Elderly Member,% of Households w/Children,% White (non-Hispanic),% Asian (non-Hispanic),% Black (non-Hispanic),% Hispanic,Average Annual Household Income ($),"% $0-4,999","% $5,000-9,999","% $10,000-14,999","% $15,000-19,999","% $20,000 and above",Average Annual Household Income (% AMI),% 0-30% AMI,% 30-50% AMI,% above 50% AMI,# of Households Reporting,Tenant Data Source,"Vacancy Rate, 2018-2022, Tract","Vacancy Rate, 2018-2022, County","Homeownership Rate, 2018-2022, Tract","Homeownership Rate, 2018-2022, County","Renter Rate, 2018-2022, Tract","Renter Rate, 2018-2022, County","Rental Vacancy Rate, 2018-2022, Tract","Rental Vacancy Rate, 2018-2022, County","% White, Non-Hispanic, 2018-2022, Tract","% White, Non-Hispanic, 2018-2022, County","% African-American, Non-Hispanic, 2018-2022, Tract","% African-American, Non-Hispanic, 2018-2022, County","% Hispanic, 2018-2022, Tract","% Hispanic, 2018-2022, County","% Asian, Non-Hispanic, 2018-2022, Tract","% Asian, Non-Hispanic, 2018-2022, County","% Other Race, Non-Hispanic, 2018-2022, Tract","% Other Race, Non-Hispanic, 2018-2022, County","Median Single Family Sale Price, 2023, Tract","Median Single Family Sale Price, 2023, County","Change in Median Single Family Sales Price, 2019-2023, Tract","Change in Median Single Family Sales Price, 2019-2023, County","Average Just Value/Sq. Ft, Single Family 2023, Tract ($)","Average Just Value/Sq. Ft, Single Family 2023, County ($)","Average Just Value/Sq. Ft, Multifamily 10+ Units 2023, Tract ($)","Average Just Value/Sq. Ft, Multifamily 10+ Units 2023, County ($)","Median Just Value/Sq. Ft, Single Family 2023, Tract ($)","Median Just Value/Sq. Ft, Single Family 2023, County ($)","Median Just Value/Sq. Ft, Multifamily 10+ Units 2023, Tract ($)","Median Just Value/Sq. Ft, Multifamily 10+ Units 2023, County ($)","Median Condo Sale Price, 2023, Tract","Median Condo Sale Price, 2023, County","% of Households with at least one child age 0-17, 2018-2022, Tract","% of Households with at least one child age 0-17, 2018-2022, County","% of Households with at least one person age 65 or older, 2018-2022, Tract","% of Households with at least one person age 65 or older, 2018-2022, County",Total Living Area,Number of Buildings,REAC Score (HUD only),REAC Inspection Date,Construction Type (FHFC Only)',In unincorporated area
1213,N/A,800003897,N/A,3926002000,Alachua Apts,13605 NW County Road 235,Alachua,32615,Alachua,Medium,Rental Assistance/HUD,70,70,70.0,,0,1,0,0,0,Family,Ready for Occupancy,1979,1979.0,For-Profit,2044.0,29.779313989,-82.497541989,1819,1,0,18,36,16,0,0,"Sherwood Oaks Preservation, LP 1022 W 23rd Street, Suite 300 -  Panama City, FL 32405-  8507698981",,,,,,0.0,790.0,898.0,1144.0,0.0,90.0,0.0,67.0,80.0,99.0,0.0,0,,,1659800.0,0,0,0,0,0,0,0,0,1,0,0,0,0,0,0,0,0,0,0,0,0,0,0,0,0,0,0,2024,0,0,0,0,0,0,0,0,0,0,2044,0,0,0,0,0,0,,0,N,N,2.2,24.0,0,37,4,-1,16,16474,10,8,37,20,25,22.0,78,20,2,51,HUD Picture of Subsidized Households,0.06,0.12,0.62,0.55,0.38,0.45,1.0,0.59,0.71,0.6,0.12,0.19,0.13,0.11,0.02,0.06,0.02,0.04,330000.0,320000.0,103000.0,93700.0,138.0,140.0,83.0,125.0,147.0,141.0,88.0,114.0,0.0,180000.0,19.46,22.34,32.83,26.18,56979.0,15.0,96,2025-05-20,0,
112,N/A,N/A,N/A,3563000000,Alachua Villas,14000 NW 154TH AVE,Alachua,32615,Alachua,Medium,Rental Assistance/RD;Section 515,35,35,20.0,,0,0,0,1,0,Family,Ready for Occupancy,1988,1988.0,Limited Dividend,2043.0,29.79681402,-82.495139987,1816,1,0,6,25,4,0,0,0,,,,,,0.0,507.0,534.0,571.0,0.0,58.0,0.0,0.0,0.0,0.0,0.0,0,,,579000.0,0,0,0,0,0,0,0,0,0,0,0,0,0,0,0,0,0,0,1,1,0,0,0,0,0,0,0,0,0,1988,1988,0,0,0,0,0,0,0,0,0,0,0,0,0,2043,,0,N,N,1.7,34.0,19,30,0,55,34,24785,0,15,24,27,33,39.0,0,0,0,58,RD Multi Family Tenant Report,0.19,0.12,0.8,0.55,0.2,0.45,0.0,0.59,0.6,0.6,0.24,0.19,0.11,0.11,0.03,0.06,0.02,0.04,299900.0,320000.0,76000.0,93700.0,131.0,140.0,97.0,125.0,135.0,141.0,85.0,114.0,162000.0,180000.0,34.3,22.34,38.12,26.18,26660.0,9.0,0,0,0,
7872,3308,N/A,N/A,3214035000,Arbours at Merrillwood I,13207 NW 153rd Place,Alachua,32615,Alachua,Medium,Housing Credits 9%;National Housing Trust Fund (NHTF),40,40,,,1,0,0,0,0,Elderly;Family;Link,Ready for Occupancy,2022,1971.0,0,2074.0,29.794628,-82.486897,1802,2,0,23,17,0,0,,,4.0,0.0,36.0,0.0,0.0,,,,,,0.0,,,,,,0,,,,0,1,0,0,0,0,0,0,0,0,0,0,0,0,0,0,0,0,0,0,0,0,0,2020,0,0,0,0,0,0,0,0,0,2072,0,0,0,0,0,0,0,0,0,0,0,,,0,N,1.15,100.0,0,0,0,0,0,19968,3,0,33,25,40,26.65,65,33,2,40,FHFC TIC Report,0.14,0.12,0.83,0.55,0.17,0.45,0.21,0.59,0.45,0.6,0.45,0.19,0.04,0.11,0.01,0.06,0.05,0.04,251500.0,320000.0,111500.0,93700.0,117.0,140.0,,125.0,120.0,141.0,,114.0,0.0,180000.0,39.3,22.34,25.72,26.18,,,0,0,0,
7999,3454,N/A,N/A,3926002000,Sherwood Oaks,13605 NW County Road 235,Alachua,32615,Alachua,Medium,Housing Credits 9%,124,124,,,1,0,0,0,0,Family;Link,Ready for Occupancy,2024,1979.0,0,2074.0,29.7795519999999,-82.49648,1819,1,0,26,66,32,0,,,25.0,0.0,99.0,0.0,0.0,,,,,,0.0,,,,,,0,,,,0,1,0,0,0,0,0,0,0,0,0,0,0,0,0,0,0,0,0,0,0,0,0,2022,0,0,0,0,0,0,0,0,0,2074,0,0,0,0,0,0,0,0,0,0,0,,,0,N,2.3,27.0,54,0,0,0,0,19634,11,11,27,12,40,22.65,75,19,6,123,FHFC TIC Report,0.06,0.12,0.62,0.55,0.38,0.45,1.0,0.59,0.71,0.6,0.12,0.19,0.13,0.11,0.02,0.06,0.02,0.04,330000.0,320000.0,103000.0,93700.0,138.0,140.0,83.0,125.0,147.0,141.0,88.0,114.0,0.0,180000.0,19.46,22.34,32.83,26.18,,,0,0,Construction Category Not Found,
1356,N/A,800004435,N/A,3926020000,Sherwood Oaks Apartments,13400 NW 140th St,Alachua,32615,Alachua,Medium,Rental Assistance/HUD,54,54,54.0,,0,1,0,0,0,Family,Ready for Occupancy,1981,1981.0,For-Profit,2044.0,29.778324002,-82.495204025,1819,1,0,8,30,16,0,0,"Sherwood Oaks Preservation, LP 1022 W 23rd Street, Suite 300 -  Panama City, FL 32405-  8507698981",,,,,,0.0,842.0,984.0,1243.0,0.0,88.0,0.0,71.0,96.0,115.0,0.0,0,,,1308700.0,0,0,0,0,0,0,0,0,1,0,0,0,0,0,0,0,0,0,0,0,0,0,0,0,0,0,0,2024,0,0,0,0,0,0,0,0,0,0,2044,0,0,0,0,0,0,,0,N,N,2.4,27.0,0,31,7,-1,29,17408,20,9,25,7,39,22.0,73,20,7,45,HUD Picture of Subsidized Households,0.06,0.12,0.62,0.55,0.38,0.45,1.0,0.59,0.71,0.6,0.12,0.19,0.13,0.11,0.02,0.06,0.02,0.04,330000.0,320000.0,103000.0,93700.0,138.0,140.0,83.0,125.0,147.0,141.0,88.0,114.0,0.0,180000.0,19.46,22.34,32.83,26.18,48982.0,11.0,83b,2018-11-19,0,
4991,1243,N/A,N/A,4305003001,Brookside,100 NW 146th Drive,Alachua-Unincorporated,32669,Alachua,Medium,Local Bonds;SAIL,176,124,,,1,0,0,0,1,Family,Ready for Occupancy,2003,2003.0,For-Profit,2056.0,29.654425015,-82.499750034,2201,3,0,32,80,40,24,0,CED Companies,0.0,0.0,124.0,0.0,0.0,0.0,673.0,792.0,871.0,940.0,94.0,0.0,121.0,162.0,215.0,274.0,98,,,4560000.0,0,0,1,0,0,0,0,0,0,0,0,0,0,0,0,0,0,0,0,0,0,1,0,0,2004,0,0,0,0,0,0,0,0,0,2056,0,0,0,0,0,0,0,0,0,0,2034.0,N,N,Y,2.68,26.0,60,0,0,0,0,27571,4,2,21,4,68,31.21,47,47,6,47,FHFC TIC Report,0.07,0.12,0.84,0.55,0.16,0.45,0.54,0.59,0.59,0.6,0.21,0.19,0.05,0.11,0.07,0.06,0.08,0.04,375000.0,320000.0,105050.0,93700.0,158.0,140.0,76.0,125.0,155.0,141.0,76.0,114.0,0.0,180000.0,38.81,22.34,27.59,26.18,199568.0,13.0,0,0,New Construction,1.0
7414,2778,N/A,N/A,4255018000,Century Oak Home at the Arc of Alachua County,17819 NW 32nd Avenue,Alachua-Unincorporated,32606,Alachua,Medium,Legislative Appropriation,6,6,,,1,0,0,0,0,Persons with Disabilities,Ready for Occupancy,2017,1996.0,Non-Profit,2027.0,29.680887018,-82.53194702,2201,3,0,0,0,0,0,0,"Arc of Alachua County, Inc.",2.0,0.0,4.0,0.0,0.0,0.0,0.0,0.0,0.0,0.0,0.0,0.0,0.0,0.0,0.0,0.0,0,,,0.0,0,0,0,0,0,0,0,0,0,0,0,0,0,0,0,0,0,0,0,0,0,0,0,0,0,0,0,0,0,0,0,0,0,0,0,0,0,0,0,0,0,0,0,0,0,,0,N,N,1.0,,0,0,0,0,0,8854,17,67,17,0,0,17.17,100,0,0,6,FHFC TIC Report,0.07,0.12,0.84,0.55,0.16,0.45,0.54,0.59,0.59,0.6,0.21,0.19,0.05,0.11,0.07,0.06,0.08,0.04,375000.0,320000.0,105050.0,93700.0,158.0,140.0,76.0,125.0,155.0,141.0,76.0,114.0,0.0,180000.0,38.81,22.34,27.59,26.18,0.0,1.0,0,0,0,1.0
2106,1117,N/A,N/A,6655006000,Harbor Cove,6815 W University Avenue,Alachua-Unincorporated,32607,Alachua,Medium,Housing Credits 4%;SAIL,208,207,,,1,0,0,0,0,Family,Ready for Occupancy,2004,2002.0,For-Profit,2054.0,29.651106996,-82.414853006,2217,2,0,48,96,48,16,0,CED Companies,0.0,23.0,184.0,0.0,0.0,0.0,719.0,840.0,946.0,1050.0,84.0,0.0,0.0,79.0,0.0,0.0,95,,,4578800.0,1,0,1,0,0,0,0,0,0,0,0,0,0,0,0,0,0,0,0,0,0,0,2025,0,2002,0,0,0,0,0,0,0,0,0,2054,0,0,0,0,0,0,0,0,0,0,,N,N,N,2.67,13.0,63,0,0,0,0,23317,15,9,15,8,54,26.57,55,37,8,164,FHFC TIC Report,0.25,0.12,0.12,0.55,0.88,0.45,0.96,0.59,0.36,0.6,0.36,0.19,0.21,0.11,0.02,0.06,0.06,0.04,142500.0,320000.0,73500.0,93700.0,86.0,140.0,104.0,125.0,86.0,141.0,103.0,114.0,152000.0,180000.0,27.54,22.34,9.73,26.18,225064.0,14.0,0,0,New Construction,1.0
1459,493,N/A,N/A,6913001000,Madison Cove,5500 SW Archer Road,Alachua-Unincorporated,32609,Alachua,Medium,Housing Credits 9%;State HOME,97,92,,,1,0,0,0,0,Family,Ready for Occupancy,1998,1998.0,For-Profit,2048.0,29.609404011,-82.402258023,2219,1,0,0,57,40,0,"Stefan Davis, 20725 SW 46th Avenue, Newberry, 32669, contact phone: 3524727773, email: stefanD@davisandsons.com",Davis and Sons Construction Company Inc,15.0,0.0,77.0,0.0,0.0,0.0,0.0,0.0,0.0,0.0,0.0,0.0,0.0,0.0,0.0,0.0,98,,,1886200.0,0,1,0,0,1,0,0,0,0,0,0,0,0,0,0,0,0,0,0,0,0,0,0,1996,0,0,1996,0,0,0,0,0,0,2048,0,0,2048,0,0,0,0,0,0,0,0,,N,N,N,2.23,27.0,42,0,0,0,0,32774,0,2,15,7,76,38.29,38,42,20,95,FHFC TIC Report,0.16,0.12,0.35,0.55,0.65,0.45,0.95,0.59,0.44,0.6,0.3,0.19,0.13,0.11,0.1,0.06,0.03,0.04,203000.0,320000.0,105000.0,93700.0,129.0,140.0,118.0,125.0,112.0,141.0,101.0,114.0,189500.0,180000.0,18.83,22.34,19.94,26.18,85251.0,14.0,0,0,New Construction,1.0
1380,2797,800004265,N/A,6683000000,Majestic Oaks Apartments,5800 SW 20th Avenue,Alachua-Unincorporated,32607,Alachua,Medium,Housing Credits 9%;Rental Assistance/HUD,172,172,172.0,,1,1,0,0,0,Family;Link,Ready for Occupancy,1981,1981.0,For-Profit,2067.0,29.640855007,-82.405111977,2217,3,0,36,136,0,0,"J. David Page, 5403 West Gray Street, Tampa, 33609, contact phone: 2534603000, email: jdpage@vaughnbay.net","SP MO Apartments LLC 31899 Del Obispo Street - Suite 150 San Juan Capistrano, CA 92675-  310-553-5711",52.0,0.0,120.0,0.0,0.0,0.0,1360.0,1515.0,0.0,0.0,118.0,0.0,89.0,161.0,0.0,0.0,97,,,5020000.0,0,1,0,0,0,0,0,0,1,0,0,0,0,0,0,0,0,0,0,0,0,0,0,2015,0,0,0,2025,0,0,0,0,0,2067,0,0,0,0,2044,0,0,0,0,0,0,,0,N,N,2.1,11.0,0,14,-1,3,8,9366,50,4,21,8,17,13.0,89,7,4,167,HUD Picture of Subsidized Households,0.25,0.12,0.12,0.55,0.88,0.45,0.96,0.59,0.36,0.6,0.36,0.19,0.21,0.11,0.02,0.06,0.06,0.04,142500.0,320000.0,73500.0,93700.0,86.0,140.0,104.0,125.0,86.0,141.0,103.0,114.0,152000.0,180000.0,27.54,22.34,9.73,26.18,145051.0,15.0,88,2024-08-08,A/P,1.0
2009,21,800004383,N/A,6655057000,Pine Meadows Apartments,7025 W University Avenue,Alachua-Unincorporated,32607,Alachua,Medium,HUD Mark-to-Market;Housing Credits 4%;Rental Assistance/HUD;Section 221(d)(4) MKT;State Bonds;State HOME,78,78,78.0,,1,1,0,0,0,Family,Ready for Occupancy,1983,1983.0,For-Profit,2063.0,29.651930979,-82.418229991,2217,2,0,16,46,16,0,"Kimberly Murphy, 1002 West 23rd Street, Suite 400, Panama City, 324053608, contact phone: 8509143226, email: kim.murphy@royalamerican.com","Pine Meadow Redevelopment, Ltd 1022 W 23d Street, Suite 400 -  Panama City, FL 32405-  850-769-8981",16.0,52.0,10.0,0.0,0.0,0.0,853.0,1021.0,1155.0,0.0,102.0,0.0,58.0,91.0,131.0,0.0,100,,,1761500.0,1,0,0,1,1,0,0,0,1,0,0,0,0,0,0,0,0,0,0,0,0,0,2011,0,0,2010,2009,2024,0,0,0,0,2063,0,0,2062,2061,2034,2034,0,0,0,0,0,0,,N,N,N,1.9,56.0,29,5,-1,3,64,14588,18,8,44,5,25,19.0,81,15,4,75,HUD Picture of Subsidized Households,0.25,0.12,0.12,0.55,0.88,0.45,0.96,0.59,0.36,0.6,0.36,0.19,0.21,0.11,0.02,0.06,0.06,0.04,142500.0,320000.0,73500.0,93700.0,86.0,140.0,104.0,125.0,86.0,141.0,103.0,114.0,152000.0,180000.0,27.54,22.34,9.73,26.18,88886.0,15.0,97,2025-07-16,0,1.0
436,683,800209673,N/A,6938000000,Reserve At Kanapaha,4440 SW Archer Road,Alachua-Unincorporated,32608,Alachua,Medium,Housing Credits 4%;Section 223(f) Refi/Purchase,272,56,,,1,1,0,0,0,Family,Ready for Occupancy,1997,1998.0,For-Profit,2030.0,29.615504988,-82.39144696,2219,1,0,88,112,66,6,"Joseph Chapman IV, 1002 West 23rd Street, Suite 400, Panama City, 32405, contact phone: 8507698981, email: joey.chapman@royalamerican.com",,0.0,56.0,0.0,0.0,0.0,0.0,406.0,530.0,548.0,606.0,69.0,0.0,134.0,181.0,253.0,325.0,99,,,7891700.0,1,0,0,0,0,0,0,0,0,0,0,0,0,0,0,0,0,0,0,0,0,0,1998,0,0,0,0,0,0,0,0,0,2030,0,0,0,0,0,0,0,0,0,0,0,0,,N,N,N,2.07,27.0,42,0,0,0,0,29830,2,0,18,7,73,35.24,44,38,18,55,FHFC TIC Report,0.16,0.12,0.35,0.55,0.65,0.45,0.95,0.59,0.44,0.6,0.3,0.19,0.13,0.11,0.1,0.06,0.03,0.04,203000.0,320000.0,105000.0,93700.0,129.0,140.0,118.0,125.0,112.0,141.0,101.0,114.0,189500.0,180000.0,18.83,22.34,19.94,26.18,319771.0,20.0,92,2025-08-19,New Construction,1.0
7510,2876,N/A,N/A,6237028030,Santa Fe Hills Home Arc of Alachua County,2626 NW 104th Court,Alachua-Unincorporated,32606,Alachua,Medium,Legislative Appropriation,6,6,,,1,0,0,0,0,Persons with Disabilities,Ready for Occupancy,2018,2020.0,Non-Profit,2028.0,29.67801102,-82.452206035,2204,2,0,0,0,0,0,0,"Arc of Alachua County, Inc.",2.0,0.0,4.0,0.0,0.0,0.0,0.0,0.0,0.0,0.0,0.0,0.0,0.0,0.0,0.0,0.0,0,,,0.0,0,0,0,0,0,0,0,0,0,0,0,0,0,0,0,0,0,0,0,0,0,0,0,0,0,0,0,0,0,0,0,0,0,0,0,0,0,0,0,0,0,0,0,0,0,,0,N,N,1.0,,0,0,0,0,0,9097,0,83,17,0,0,18.0,100,0,0,6,FHFC TIC Report,0.08,0.12,0.75,0.55,0.25,0.45,0.35,0.59,0.68,0.6,0.08,0.19,0.09,0.11,0.11,0.06,0.04,0.04,372450.0,320000.0,113450.0,93700.0,156.0,140.0,128.0,125.0,156.0,141.0,128.0,114.0,237000.0,180000.0,36.67,22.34,34.88,26.18,0.0,1.0,0,0,0,1.0
1693,752,N/A,N/A,6230026001,Santa Fe Oaks I,8203 NW 31st Avenue,Alachua-Unincorporated,32606,Alachua,Medium,Housing Credits 4%;Housing Credits 9%;Local Bonds,66,66,,,1,0,0,0,1,Family,Ready for Occupancy,1992,1993.0,For-Profit,2042.0,29.680885579,-82.428810293,1701,4,0,0,0,66,0,"Kristin Miller, 340 Pemberwick Road, Greenwich, 06831, contact phone: 2038690900, email: millerk@richmancapital.com",Richman Group,0.0,0.0,66.0,0.0,0.0,0.0,0.0,0.0,965.0,0.0,84.0,0.0,0.0,0.0,73.0,0.0,94,,,3374700.0,1,1,0,0,0,0,0,0,0,0,0,0,0,0,0,0,0,0,0,0,0,1,2008,1990,0,0,0,0,0,0,0,0,2040,2022,0,0,0,0,0,0,0,0,0,0,0,2042.0,N,N,N,3.59,10.0,82,0,0,0,0,31112,5,3,10,13,69,31.64,49,35,16,61,FHFC TIC Report,0.15,0.12,0.38,0.55,0.62,0.45,1.0,0.59,0.63,0.6,0.12,0.19,0.1,0.11,0.07,0.06,0.08,0.04,312000.0,320000.0,112000.0,93700.0,142.0,140.0,110.0,125.0,142.0,141.0,92.0,114.0,0.0,180000.0,12.81,22.34,44.71,26.18,156647.0,11.0,0,0,Acquisition/Rehab - New Construction,1.0
1798,753,N/A,N/A,6230024000,Santa Fe Oaks II,8008 NW 31st Avenue,Alachua-Unincorporated,32606,Alachua,Medium,Housing Credits 4%;Housing Credits 9%;Local Bonds,129,129,,,1,0,0,0,1,Family,Ready for Occupancy,1994,1991.0,For-Profit,2049.0,29.680150061,-82.428950328,1701,4,0,0,0,129,0,"Kristin Miller, 340 Pemberwick Road, Greenwich, 06831, contact phone: 2038690900, email: millerk@richmancapital.com",Richman Group,0.0,0.0,129.0,0.0,0.0,0.0,0.0,0.0,785.0,0.0,72.0,0.0,0.0,0.0,150.0,0.0,95,,,1610000.0,1,1,0,0,0,0,0,0,0,0,0,0,0,0,0,0,0,0,0,0,0,1,2008,1992,0,0,0,0,0,0,0,0,0,2033,0,0,0,0,0,0,0,0,0,0,0,2038.0,N,N,N,3.57,7.0,89,0,0,0,0,39235,2,3,5,4,86,39.97,26,45,29,122,FHFC TIC Report,0.15,0.12,0.38,0.55,0.62,0.45,1.0,0.59,0.63,0.6,0.12,0.19,0.1,0.11,0.07,0.06,0.08,0.04,312000.0,320000.0,112000.0,93700.0,142.0,140.0,110.0,125.0,142.0,141.0,92.0,114.0,0.0,180000.0,12.81,22.34,44.71,26.18,80515.0,17.0,0,0,New Construction,1.0
74070,N/A,N/A,FL070000001,6675020039,Scattered Sites 001,924 SW 61st St,Alachua-Unincorporated,32607,Alachua,Medium,Public Housing,276,255,,255.0,0,0,1,0,0,Elderly;Family,Ready for Occupancy,1971,1984.0,Public Housing Authority,,29.643354993,-82.408978968,2218,1,0,36,107,132,0,0,0,,,,,,0.0,0.0,0.0,0.0,0.0,0.0,0.0,0.0,0.0,0.0,0.0,0,,,44500.0,0,0,0,0,0,0,0,0,0,0,0,0,0,0,0,0,1,0,0,0,0,0,0,0,0,0,0,0,0,0,0,0,0,0,0,0,0,0,0,0,0,0,0,0,0,,0,N,N,3.1,13.0,0,15,1,0,3,20731,10,6,27,12,44,24.0,70,19,11,234,HUD Picture of Subsidized Households,0.17,0.12,0.32,0.55,0.68,0.45,0.76,0.59,0.28,0.6,0.34,0.19,0.2,0.11,0.14,0.06,0.04,0.04,219000.0,320000.0,159000.0,93700.0,126.0,140.0,103.0,125.0,104.0,141.0,105.0,114.0,0.0,180000.0,18.34,22.34,12.13,26.18,1756.0,1.0,0,0,0,1.0
1251,1071,N/A,N/A,16128000000,Verdant Cove,4260 SE 10th Place,Alachua-Unincorporated,32641,Alachua,Medium,Housing Credits 9%,140,140,,,1,0,0,0,0,Family,Ready for Occupancy,2003,0.0,For-Profit,2053.0,29.642288983,-82.272922994,600,3,0,42,56,42,0,"Paul Sween, 2905 Northwest Boulevard, Suite 150, Plymouth , 55441, contact phone: 7633545603, email: psween@dominiuminc.com",Dominium LLC,23.0,9.0,108.0,0.0,0.0,0.0,330.0,543.0,606.0,0.0,55.0,0.0,65.0,86.0,110.0,0.0,95,,,100.0,0,1,0,0,0,0,0,0,0,0,0,0,0,0,0,0,0,0,0,0,0,0,0,2001,0,0,0,0,0,0,0,0,0,2053,0,0,0,0,0,0,0,0,0,0,0,,N,Y,N,2.27,30.0,40,0,0,0,0,18844,7,14,25,16,38,22.14,75,21,4,102,FHFC TIC Report,0.12,0.12,0.39,0.55,0.61,0.45,0.07,0.59,0.02,0.6,0.95,0.19,0.01,0.11,0.0,0.06,0.02,0.04,132250.0,320000.0,33250.0,93700.0,94.0,140.0,76.0,125.0,88.0,141.0,72.0,114.0,0.0,180000.0,41.63,22.34,30.7,26.18,0.0,19.0,0,0,New Construction,1.0
503,N/A,N/A,N/A,4907002000,Archer Homes,13363 SW 161ST WAY,Archer,32618,Alachua,Medium,Rental Assistance/RD;Section 515,24,24,21.0,,0,0,0,1,0,Family,Ready for Occupancy,1983,1983.0,Limited Dividend,2032.0,29.531268999,-82.513717973,2209,1,0,2,18,4,0,0,0,,,,,,0.0,586.0,606.0,100.0,0.0,57.0,0.0,0.0,0.0,0.0,0.0,0,140000.0,2021-3,16000.0,0,0,0,0,0,0,0,0,0,0,0,0,0,0,0,0,0,0,1,1,0,0,0,0,0,0,0,0,0,1983,1983,0,0,0,0,0,0,0,0,0,0,0,0,0,2032,,0,N,N,1.91,13.0,26,26,0,70,0,20643,0,17,17,22,43,44.0,0,0,0,46,RD Multi Family Tenant Report,0.01,0.12,0.83,0.55,0.17,0.45,0.24,0.59,0.65,0.6,0.1,0.19,0.13,0.11,0.08,0.06,0.04,0.04,389450.0,320000.0,120450.0,93700.0,154.0,140.0,102.0,125.0,163.0,141.0,101.0,114.0,0.0,180000.0,26.46,22.34,35.36,26.18,0.0,0.0,0,0,0,
82,N/A,N/A,N/A,4976004000,"Archer Village, Ltd",506 E. HIGH ST.,Archer,32618,Alachua,Medium,Rental Assistance/RD;Section 515,24,24,23.0,,0,0,0,1,0,Elderly,Ready for Occupancy,1990,0.0,Limited Dividend,2040.0,29.52903715,-82.512724035,2209,1,0,20,4,0,0,0,0,,,,,,0.0,554.0,594.0,0.0,0.0,72.0,0.0,0.0,0.0,0.0,0.0,0,140000.0,2021-3,16000.0,0,0,0,0,0,0,0,0,0,0,0,0,0,0,0,0,0,0,1,1,0,0,0,0,0,0,0,0,0,1990,1990,0,0,0,0,0,0,0,0,0,0,0,0,0,2040,,,N,N,1.1,78.0,0,60,0,40,0,18777,0,50,25,10,15,28.0,0,0,0,23,RD Multi Family Tenant Report,0.01,0.12,0.83,0.55,0.17,0.45,0.24,0.59,0.65,0.6,0.1,0.19,0.13,0.11,0.08,0.06,0.04,0.04,389450.0,320000.0,120450.0,93700.0,154.0,140.0,102.0,125.0,163.0,141.0,101.0,114.0,0.0,180000.0,26.46,22.34,35.36,26.18,0.0,0.0,0,0,0,
7235,2652,N/A,N/A,9238007000,12th Road Home,1800 NW 12th Road,Gainesville,32605,Alachua,Medium,Legislative Appropriation,6,6,,,1,0,0,0,0,Persons with Disabilities,Ready for Occupancy,2015,1964.0,Non-Profit,2025.0,29.66408499,-82.346863031,1000,1,0,0,0,0,0,0,"Arc of Alachua County, Inc.",2.0,0.0,4.0,0.0,0.0,0.0,0.0,0.0,0.0,0.0,0.0,0.0,0.0,0.0,0.0,0.0,100,,,242900.0,0,0,0,0,0,0,0,0,0,0,0,0,0,0,0,0,0,0,0,0,0,0,0,0,0,0,0,0,0,0,0,0,0,0,0,0,0,0,0,0,0,0,0,0,0,,0,N,N,1.0,,0,0,0,0,0,13200,0,0,100,0,0,19.33,100,0,0,6,FHFC TIC Report,0.14,0.12,0.39,0.55,0.61,0.45,0.88,0.59,0.73,0.6,0.05,0.19,0.14,0.11,0.04,0.06,0.04,0.04,405000.0,320000.0,111900.0,93700.0,154.0,140.0,158.0,125.0,147.0,141.0,141.0,114.0,328000.0,180000.0,9.34,22.34,12.55,26.18,3761.0,1.0,0,0,0,
1486,N/A,800003899,N/A,7905000000,"Alternative Housing, Inc.",1342 NW 45TH AVE,Gainesville,32605,Alachua,Medium,Rental Assistance/HUD;Section 202 Direct Loan,12,12,12.0,,0,1,0,0,0,Persons with Disabilities,Ready for Occupancy,1987,1986.0,Non-Profit,2027.0,29.696168988,-82.340189024,1203,1,0,12,0,0,0,0,"Alternative Housing, Inc. 3303 NW 83rd St -  Gainesville, FL 32606-6227  352-334-4060",,,,,,0.0,889.0,0.0,0.0,0.0,104.0,0.0,0.0,0.0,0.0,0.0,0,,,350900.0,0,0,0,0,0,0,0,0,1,0,1,0,0,0,0,0,0,0,0,0,0,0,0,0,0,0,0,2013,1988,0,0,0,0,0,0,0,0,0,2027,0,2027,0,0,0,0,,0,N,N,1.0,31.0,0,77,-1,-1,8,15632,-1,-1,62,15,23,24.0,69,31,0,13,HUD Picture of Subsidized Households,0.05,0.12,0.42,0.55,0.58,0.45,0.81,0.59,0.56,0.6,0.18,0.19,0.13,0.11,0.03,0.06,0.1,0.04,249000.0,320000.0,97800.0,93700.0,138.0,140.0,105.0,125.0,134.0,141.0,113.0,114.0,141000.0,180000.0,21.81,22.34,12.44,26.18,5149.0,1.0,91,2025-01-21,0,
7233,2623,800241635,N/A,15616000000,Arbours at Tumblin Creek,1309 SW 13th Street,Gainesville,32608,Alachua,Medium,Housing Credits 9%;Section 221(d)(4) MKT,64,64,,,1,1,0,0,0,Elderly;Family;Link,Ready for Occupancy,2014,2018.0,For-Profit,2065.0,29.638402001,-82.339059982,806,1,0,36,28,0,0,"Samuel  Johnston, 33 Inverness Center Parkway, Suite LL130, Birmingham, 35242, contact phone: 2059813300, email: sam@cahabavalley.net",,7.0,0.0,57.0,0.0,0.0,0.0,669.0,744.0,0.0,0.0,93.0,0.0,77.0,88.0,0.0,0.0,99,,,0.0,0,1,0,0,0,0,0,0,0,0,0,0,0,0,0,0,0,0,0,0,0,0,0,2013,0,0,0,0,0,0,0,0,0,2065,0,0,0,0,0,0,0,0,0,0,0,,0,Y,N,1.05,71.0,0,0,0,0,0,20691,0,14,21,21,44,28.17,63,31,6,63,FHFC TIC Report,0.14,0.12,0.1,0.55,0.9,0.45,0.68,0.59,0.52,0.6,0.07,0.19,0.14,0.11,0.22,0.06,0.06,0.04,0.0,320000.0,-200000.0,93700.0,150.0,140.0,116.0,125.0,149.0,141.0,99.0,114.0,185000.0,180000.0,16.82,22.34,7.16,26.18,30927.0,1.0,94,2025-05-08,New Construction,
7861,3293,N/A,N/A,6496000000,Banyan Hammock Apartments,301 NW 39th Road,Gainesville,32607,Alachua,Medium,Extremely Low Income;Housing Credits 4%;SAIL;State Bonds,192,192,,,1,0,0,0,0,Family;Link,Ready for Occupancy,2022,0.0,0,2073.0,29.655767179,-82.380734655,1605,6,0,36,120,36,0,,,8.0,10.0,130.0,44.0,0.0,,,,,,0.0,,,,,,0,,,,1,0,1,1,0,0,0,0,0,0,0,0,0,0,0,0,0,0,0,0,0,0,2021,0,2020,2020,0,0,0,0,0,0,2073,0,2072,2072,0,0,0,0,0,0,0,0,0,,,0,N,2.1,10.0,50,0,0,0,0,37444,1,1,6,6,86,44.77,20,44,36,187,FHFC TIC Report,0.22,0.12,0.27,0.55,0.73,0.45,0.84,0.59,0.63,0.6,0.13,0.19,0.16,0.11,0.02,0.06,0.06,0.04,255000.0,320000.0,109000.0,93700.0,129.0,140.0,116.0,125.0,125.0,141.0,115.0,114.0,154500.0,180000.0,10.4,22.34,6.77,26.18,,,0,0,0,
1264,N/A,800003978,N/A,16106130000,Carver Gardens,1101 SE 15TH ST,Gainesville,32641,Alachua,Medium,Rental Assistance/HUD,100,100,100.0,,0,1,0,0,0,Family,Ready for Occupancy,1970,1970.0,Non-Profit,2034.0,29.640919003,-82.305229028,700,3,0,24,36,40,0,0,"FFAH Carver Gardens LLC 69 NW Newport Avenue Suite 200 -  Bend, OR 97703-  9494439101",,,,,,0.0,931.0,1027.0,1204.0,0.0,85.0,0.0,51.0,66.0,83.0,0.0,0,,,2360000.0,0,0,0,0,0,0,0,0,1,0,0,0,0,0,0,0,0,0,0,0,0,0,0,0,0,0,0,2014,0,0,0,0,0,0,0,0,0,0,2034,0,0,0,0,0,0,,0,Y,N,2.5,20.0,0,1,-1,2,4,8481,45,8,28,11,8,11.0,94,6,0,93,HUD Picture of Subsidized Households,0.14,0.12,0.65,0.55,0.35,0.45,0.08,0.59,0.3,0.6,0.63,0.19,0.05,0.11,0.0,0.06,0.03,0.04,170000.0,320000.0,60250.0,93700.0,95.0,140.0,95.0,125.0,93.0,141.0,83.0,114.0,0.0,180000.0,27.83,22.34,37.94,26.18,80917.0,13.0,96,2024-09-04,0,
7701,3034,N/A,N/A,7879005004,Deer Creek Senior Housing,2200 55th Boulevard,Gainesville,32641,Alachua,Medium,Housing Credits 9%;Predevelopment Loan Program,62,62,,,1,0,0,0,0,Elderly;Family;Link,Ready for Occupancy,2019,2022.0,Non-Profit,2071.0,29.705963,-82.353483,1202,3,0,40,22,0,0,,,7.0,0.0,55.0,0.0,0.0,,,,,,0.0,,,,,,0,,,,0,1,0,0,0,0,0,1,0,0,0,0,0,0,0,0,0,0,0,0,0,0,0,2019,0,0,0,0,0,0,0,0,0,2071,0,0,0,0,0,0,0,0,0,0,0,,,N,N,1.11,100.0,0,0,0,0,0,23017,0,3,13,24,60,31.05,50,48,2,62,FHFC TIC Report,0.06,0.12,0.72,0.55,0.28,0.45,0.82,0.59,0.64,0.6,0.14,0.19,0.14,0.11,0.02,0.06,0.06,0.04,280000.0,320000.0,100000.0,93700.0,144.0,140.0,85.0,125.0,144.0,141.0,74.0,114.0,164000.0,180000.0,26.03,22.34,23.17,26.18,,,0,0,0,
1655,1072,N/A,N/A,8159010001,Eden Park at Ironwood,1400 NE 39th Avenue,Gainesville,32609,Alachua,Medium,Housing Credits 4%;Local Bonds;SAIL,104,104,,,1,0,0,0,1,Family,Ready for Occupancy,2002,2004.0,For-Profit,2052.0,29.688526467,-82.307422916,1902,1,0,0,40,64,0,0,"Jennings Development Group, Inc.",0.0,0.0,104.0,0.0,0.0,0.0,0.0,687.0,770.0,0.0,85.0,0.0,0.0,188.0,229.0,0.0,96,,,2070800.0,1,0,1,0,0,0,0,0,0,0,0,0,0,0,0,0,0,0,0,0,0,1,2005,0,2000,0,0,0,0,0,0,0,2037,0,2052,0,0,0,0,0,0,0,0,0,0,2035.0,N,Y,N,2.57,24.0,58,0,0,0,0,37412,1,0,12,5,82,41.18,23,46,31,95,FHFC TIC Report,0.13,0.12,0.37,0.55,0.63,0.45,0.43,0.59,0.32,0.6,0.58,0.19,0.07,0.11,0.0,0.06,0.03,0.04,266000.0,320000.0,122500.0,93700.0,118.0,140.0,70.0,125.0,138.0,141.0,65.0,114.0,0.0,180000.0,31.35,22.34,31.65,26.18,121020.0,1.0,0,0,New Construction,
1306,2563,800004110,N/A,10970000000,Gardenia Gardens Apartments,1727 NE 8th Avenue,Gainesville,32641,Alachua,Medium,Housing Credits 9%;Rental Assistance/HUD,100,100,100.0,,1,1,0,0,0,Family;Link,Ready for Occupancy,1967,1968.0,For-Profit,2064.0,29.657638008,-82.301998978,600,2,0,0,36,64,0,"Joe Richardson, 1727 NE 8th Avenue, Gainesville, 32601, contact phone: 3523718400, email: joe.richardson1@cox.net","Gardenia Garden Apartments Limited Partnership 1727 Northeast 8th Avenue -  Gainesville, FL 32641-  3523786992",20.0,0.0,80.0,0.0,0.0,0.0,0.0,1373.0,1478.0,0.0,85.0,0.0,0.0,77.0,89.0,0.0,98,,,1505400.0,0,1,0,0,0,0,0,0,1,0,0,0,0,0,0,0,0,0,0,0,0,0,0,2012,0,0,0,2012,0,0,0,0,0,2064,0,0,0,0,2032,0,0,0,0,0,0,,Y,Y,N,2.7,6.0,88,4,-1,1,4,11013,43,13,17,7,20,14.0,84,16,0,89,HUD Picture of Subsidized Households,0.12,0.12,0.39,0.55,0.61,0.45,0.07,0.59,0.02,0.6,0.95,0.19,0.01,0.11,0.0,0.06,0.02,0.04,132250.0,320000.0,33250.0,93700.0,94.0,140.0,76.0,125.0,88.0,141.0,72.0,114.0,0.0,180000.0,41.63,22.34,30.7,26.18,100084.0,9.0,90,2025-04-22,0,
7296,2698,N/A,N/A,6088100002,Glen Springs Home,2717 NW 31st Avenue,Gainesville,32605,Alachua,Medium,Legislative Appropriation,6,6,,,1,0,0,0,0,Persons with Disabilities,Ready for Occupancy,2016,2015.0,Non-Profit,2026.0,29.680568003,-82.36308897,1100,4,0,0,0,0,0,0,"Arc of Alachua County, Inc.",2.0,0.0,4.0,0.0,0.0,0.0,0.0,0.0,0.0,0.0,0.0,0.0,0.0,0.0,0.0,0.0,100,,,58500.0,0,0,0,0,0,0,0,0,0,0,0,0,0,0,0,0,0,0,0,0,0,0,0,0,0,0,0,0,0,0,0,0,0,0,0,0,0,0,0,0,0,0,0,0,0,,0,N,N,1.0,,0,0,0,0,0,10887,0,33,67,0,0,16.0,100,0,0,6,FHFC TIC Report,0.08,0.12,0.7,0.55,0.3,0.45,0.43,0.59,0.73,0.6,0.07,0.19,0.06,0.11,0.06,0.06,0.08,0.04,360000.0,320000.0,118250.0,93700.0,131.0,140.0,98.0,125.0,129.0,141.0,79.0,114.0,235000.0,180000.0,17.55,22.34,42.7,26.18,0.0,1.0,0,0,0,
7466,2845,N/A,N/A,15969003000,Grove at Sweetwater Preserve,225 SE 19th Place,Gainesville,32641,Alachua,Medium,Housing Credits 9%;SAIL,96,96,,,1,0,0,0,0,Family;Link,Ready for Occupancy,2018,2020.0,For-Profit,2068.0,29.632306,-82.319219,700,2,0,24,36,28,8,0,Pinnacle Housing Group LLC,29.0,0.0,67.0,0.0,0.0,0.0,0.0,0.0,0.0,0.0,0.0,0.0,0.0,0.0,0.0,0.0,0,,,0.0,0,1,1,0,0,0,0,0,0,0,0,0,0,0,0,0,0,0,0,0,0,0,0,2016,2016,0,0,0,0,0,0,0,0,2068,2068,0,0,0,0,0,0,0,0,0,0,,0,N,N,3.17,10.0,78,0,0,0,0,17165,20,8,21,13,39,18.5,87,13,0,92,FHFC TIC Report,0.14,0.12,0.65,0.55,0.35,0.45,0.08,0.59,0.3,0.6,0.63,0.19,0.05,0.11,0.0,0.06,0.03,0.04,170000.0,320000.0,60250.0,93700.0,95.0,140.0,95.0,125.0,93.0,141.0,83.0,114.0,0.0,180000.0,27.83,22.34,37.94,26.18,0.0,4.0,0,0,0,
1073,N/A,800004144,N/A,6014016000,Hampton Court,6415 NW 23RD TER,Gainesville,32653,Alachua,Medium,Rental Assistance/HUD,42,42,42.0,,0,1,0,0,0,Family,Ready for Occupancy,1980,1980.0,Non-Profit,2035.0,29.714272013,-82.359884988,1803,3,0,16,22,4,0,0,"NHDC Hampton Court Apt., Inc. 9692 Haven Avenue, Suite 100 - c/o National CORE Rancho Cucamonga, CA 91730-3857  909-204-3500",,,,,,0.0,922.0,984.0,1138.0,0.0,94.0,0.0,99.0,133.0,141.0,0.0,0,,,844900.0,0,0,0,0,0,0,0,0,1,0,0,0,0,0,0,0,0,0,0,0,0,0,0,0,0,0,0,2015,0,0,0,0,0,0,0,0,0,0,2035,0,0,0,0,0,0,,0,N,N,2.0,27.0,0,5,-1,-1,0,15943,8,3,39,17,33,22.0,73,22,5,41,HUD Picture of Subsidized Households,0.09,0.12,0.82,0.55,0.18,0.45,0.33,0.59,0.52,0.6,0.28,0.19,0.12,0.11,0.05,0.06,0.03,0.04,242500.0,320000.0,57500.0,93700.0,139.0,140.0,75.0,125.0,140.0,141.0,75.0,114.0,0.0,180000.0,23.62,22.34,39.95,26.18,35412.0,6.0,89,2025-05-09,0,
7720,3096,N/A,N/A,11235005000,Harper's Pointe,2220 E University Avenue,Gainesville,32641,Alachua,Medium,Housing Credits 9%,66,66,,,1,0,0,0,0,Elderly;Family;Link,Ready for Occupancy,2020,2020.0,0,2070.0,29.652411011,-82.295323965,600,3,0,33,33,0,0,,,7.0,0.0,59.0,0.0,0.0,,,,,,0.0,,,,,,0,,,,0,1,0,0,0,0,0,0,0,0,0,0,0,0,0,0,0,0,0,0,0,0,0,2018,0,0,0,0,0,0,0,0,0,2070,0,0,0,0,0,0,0,0,0,0,0,,,0,N,1.1,89.0,0,0,0,0,0,20657,3,2,29,21,45,27.94,68,24,8,62,FHFC TIC Report,0.12,0.12,0.39,0.55,0.61,0.45,0.07,0.59,0.02,0.6,0.95,0.19,0.01,0.11,0.0,0.06,0.02,0.04,132250.0,320000.0,33250.0,93700.0,94.0,140.0,76.0,125.0,88.0,141.0,72.0,114.0,0.0,180000.0,41.63,22.34,30.7,26.18,,,0,0,0,
8321,3612,N/A,N/A,11288002000,Hawthorne Heights,2420 SE Hawthorne Road,Gainesville,32641,Alachua,Medium,Extremely Low Income;Housing Credits 4%;National Housing Trust Fund (NHTF);SAIL;State Bonds,86,86,,,1,0,0,0,0,Elderly;Family;Link,Not Ready for Occupancy,2026,0.0,0,2076.0,29.645696,-82.293299,600,3,0,74,12,0,0,,,16.0,0.0,47.0,23.0,0.0,,,,,,0.0,,,,,,0,,,,1,0,1,1,0,0,0,0,0,0,0,0,0,0,0,0,0,0,0,0,0,0,2024,0,2024,2024,0,0,0,0,0,0,0,0,0,0,0,0,0,0,0,0,0,0,0,,,0,N,,,0,0,0,0,0,0,0,0,0,0,0,0.0,0,0,0,0,0,0.12,0.12,0.39,0.55,0.61,0.45,0.07,0.59,0.02,0.6,0.95,0.19,0.01,0.11,0.0,0.06,0.02,0.04,132250.0,320000.0,33250.0,93700.0,94.0,140.0,76.0,125.0,88.0,141.0,72.0,114.0,0.0,180000.0,41.63,22.34,30.7,26.18,,,0,0,ESS,
2121,1083,800004175,N/A,9640001000,Horizon House Apartments,1515 NW 10 Street,Gainesville,32601,Alachua,Medium,Rental Assistance/HUD;SAIL,40,40,28.0,,1,1,0,0,0,Family,Ready for Occupancy,1971,1971.0,Non-Profit,2053.0,29.66612699,-82.334868024,301,2,0,0,24,16,0,"Jeffrey Reed, 448 Depot Street NE, Christiansburg, 24073, contact phone: 5403822002, email: jreed@chpc2.org","D/B/A Residences at Oakview
Horizon Sunset Apartments LLC 150 Mount Vernon Street Suite 500 -  Boston, MA 02125-  6178227300",6.0,34.0,0.0,0.0,0.0,0.0,0.0,1525.0,1675.0,0.0,111.3,0.0,0.0,113.0,164.0,0.0,87,,,898400.0,0,0,1,0,0,0,0,0,1,0,0,0,0,0,0,0,0,0,0,0,0,0,0,0,2000,0,0,2023,0,0,0,0,0,0,2053,0,0,0,2043,0,0,0,0,0,0,,N,N,N,2.7,10.0,83,6,-1,2,4,15135,30,10,14,8,38,19.0,80,18,2,50,HUD Picture of Subsidized Households,0.14,0.12,0.26,0.55,0.74,0.45,0.67,0.59,0.56,0.6,0.31,0.19,0.07,0.11,0.02,0.06,0.05,0.04,225000.0,320000.0,65000.0,93700.0,147.0,140.0,120.0,125.0,145.0,141.0,98.0,114.0,130000.0,180000.0,19.11,22.34,19.05,26.18,39756.0,1.0,78,2024-11-25,Acquisition/Rehab,
2150,N/A,800004178,N/A,8260000000,Housing For The Handicapped Alachua Co I- 6th St.,3781 NW 6TH ST,Gainesville,32609,Alachua,Medium,Rental Assistance/HUD;Section 202 Direct Loan,13,12,12.0,,0,1,0,0,0,Persons with Disabilities,Ready for Occupancy,1985,1985.0,Non-Profit,2026.0,29.687702008,-82.329377039,302,1,0,12,0,0,0,0,"Housing for the Handicapped of Alachua County, Inc 3303 NW 83rd St -  Gainesville, FL 32606-6227  3523344060",,,,,,0.0,1184.0,0.0,0.0,0.0,135.0,0.0,0.0,0.0,0.0,0.0,0,,,471100.0,0,0,0,0,0,0,0,0,1,0,1,0,0,0,0,0,0,0,0,0,0,0,0,0,0,0,0,2009,1987,0,0,0,0,0,0,0,0,0,2026,0,2026,0,0,0,0,,0,N,N,1.0,33.0,0,58,-1,-1,0,13185,-1,-1,83,17,-1,20.0,100,0,0,12,HUD Picture of Subsidized Households,0.11,0.12,0.54,0.55,0.46,0.45,0.3,0.59,0.58,0.6,0.2,0.19,0.13,0.11,0.04,0.06,0.05,0.04,229250.0,320000.0,89250.0,93700.0,136.0,140.0,103.0,125.0,134.0,141.0,96.0,114.0,0.0,180000.0,17.06,22.34,25.06,26.18,5870.0,1.0,98,2025-03-06,0,
1454,N/A,800004179,N/A,15635002001,Housing For The Handicapped Alachua Co II-9th St.,934 SW 9TH ST,Gainesville,32601,Alachua,Medium,Rental Assistance/HUD;Section 202 Direct Loan,12,12,12.0,,0,1,0,0,0,Persons with Disabilities,Ready for Occupancy,1987,1987.0,Non-Profit,2027.0,29.64261902,-82.333535972,806,1,0,12,0,0,0,0,"Housing for the Handicapped of Alachua County, Inc 3303 NW 83rd St -  Gainesville, FL 32606-6227  3523344060",,,,,,0.0,970.0,0.0,0.0,0.0,121.0,0.0,77.0,0.0,0.0,0.0,0,,,415300.0,0,0,0,0,0,0,0,0,1,0,1,0,0,0,0,0,0,0,0,0,0,0,0,0,0,0,0,2011,1989,0,0,0,0,0,0,0,0,0,2027,0,2027,0,0,0,0,,0,Y,N,1.2,50.0,0,67,-1,-1,0,12476,-1,-1,55,45,-1,19.0,100,0,0,12,HUD Picture of Subsidized Households,0.14,0.12,0.1,0.55,0.9,0.45,0.68,0.59,0.52,0.6,0.07,0.19,0.14,0.11,0.22,0.06,0.06,0.04,0.0,320000.0,-200000.0,93700.0,150.0,140.0,116.0,125.0,149.0,141.0,99.0,114.0,185000.0,180000.0,16.82,22.34,7.16,26.18,6599.0,2.0,89c,2023-05-31,0,
1624,466,N/A,N/A,8160002001,Lewis Place at Ironwood,4121 NE 15th Street,Gainesville,32609,Alachua,Medium,Housing Credits 4%;SAIL,112,112,,,1,0,0,0,0,Family,Ready for Occupancy,2000,2000.0,Non-Profit,2062.0,29.69109999,-82.305374035,1902,1,0,0,56,56,0,"John Corbett, 2001 West Blue Heron Blvd., Riviera Beach, 33404, contact phone: 5616556775, email: jcorbett@gotpi.org",,0.0,0.0,112.0,0.0,0.0,0.0,0.0,751.0,859.0,0.0,90.0,0.0,0.0,160.0,196.0,0.0,95,,,2240000.0,1,0,1,0,0,0,0,0,0,0,0,0,0,0,0,0,0,0,0,0,0,0,2000,0,1999,0,0,0,0,0,0,0,2032,0,2062,0,0,0,0,0,0,0,0,0,0,,N,Y,N,2.74,10.0,65,0,0,0,0,31665,5,1,12,8,75,34.84,35,53,12,104,FHFC TIC Report,0.13,0.12,0.37,0.55,0.63,0.45,0.43,0.59,0.32,0.6,0.58,0.19,0.07,0.11,0.0,0.06,0.03,0.04,266000.0,320000.0,122500.0,93700.0,118.0,140.0,70.0,125.0,138.0,141.0,65.0,114.0,0.0,180000.0,31.35,22.34,31.65,26.18,129237.0,10.0,0,0,New Construction,
7617,2984,N/A,N/A,6102025000,Magnolia Place Home at the Arc of Alachua County,3256 NW 36th Street,Gainesville,32605,Alachua,Medium,Legislative Appropriation,6,6,,,1,0,0,0,0,Persons with Disabilities,Ready for Occupancy,2019,2020.0,Non-Profit,2029.0,,,1100,1,0,0,0,0,0,0,0,2.0,0.0,4.0,0.0,0.0,0.0,0.0,0.0,0.0,0.0,0.0,0.0,0.0,0.0,0.0,0.0,0,,,0.0,0,0,0,0,0,0,0,0,0,0,0,0,0,0,0,0,0,0,0,0,0,0,0,0,0,0,0,0,0,0,0,0,0,0,0,0,0,0,0,0,0,0,0,0,0,,0,N,N,1.0,,0,0,0,0,0,8510,0,83,17,0,0,16.67,100,0,0,6,FHFC TIC Report,0.08,0.12,0.7,0.55,0.3,0.45,0.43,0.59,0.73,0.6,0.07,0.19,0.06,0.11,0.06,0.06,0.08,0.04,360000.0,320000.0,118250.0,93700.0,131.0,140.0,98.0,125.0,129.0,141.0,79.0,114.0,235000.0,180000.0,17.55,22.34,42.7,26.18,0.0,1.0,0,0,0,
1262,N/A,800004309,N/A,7240004003,New Horizons Properties I - Joyce Apts.,3010 SW 35th Pl,Gainesville,32608,Alachua,Medium,Rental Assistance/HUD,8,8,8.0,,0,1,0,0,0,Persons with Disabilities,Ready for Occupancy,1985,1985.0,Non-Profit,2025.0,29.62140698,-82.368897964,1515,3,0,8,0,0,0,0,"New Horizons Properties, Inc. 4300 SW 13th St -  Gainesville, FL 32608-0000  (352) 332-7828",,,,,,0.0,714.0,0.0,0.0,0.0,91.0,0.0,0.0,0.0,0.0,0.0,0,,,263700.0,0,0,0,0,0,0,0,0,1,0,0,0,0,0,0,0,0,0,0,0,0,0,0,0,0,0,0,2024,0,0,0,0,0,0,0,0,0,0,2025,0,0,0,0,0,0,,0,Y,N,-4.0,-4.0,0,-4,-4,-4,-4,-4,-4,-4,-4,-4,-4,-4.0,-4,0,104,-4,HUD Picture of Subsidized Households,0.23,0.12,0.04,0.55,0.96,0.45,1.0,0.59,0.53,0.6,0.2,0.19,0.14,0.11,0.1,0.06,0.03,0.04,0.0,320000.0,0.0,93700.0,104.0,140.0,123.0,125.0,90.0,141.0,115.0,114.0,174500.0,180000.0,2.82,22.34,1.71,26.18,4569.0,1.0,99,2024-06-05,0,
1388,N/A,800004311,N/A,7240001001,New Horizons Properties IIi - Transitions,3800 SW 34th ST,Gainesville,32608,Alachua,Medium,Rental Assistance/HUD;Section 202 Direct Loan,8,8,8.0,,0,1,0,0,0,Persons with Disabilities,Ready for Occupancy,1990,1977.0,Non-Profit,2030.0,29.61861501,-82.374783988,1519,1,1,7,0,0,0,0,"New Horizons Properties III, Inc. 4300  SW 13th  ST -  Gainesville, FL 32608-0000  (352) 374-5632",,,,,,996.0,1125.0,0.0,0.0,0.0,131.0,0.0,0.0,0.0,0.0,0.0,0,,,6376900.0,0,0,0,0,0,0,0,0,1,0,1,0,0,0,0,0,0,0,0,0,0,0,0,0,0,0,0,2024,1992,0,0,0,0,0,0,0,0,0,2025,0,2030,0,0,0,0,,0,Y,N,1.0,25.0,0,42,-1,-1,0,11504,-1,-1,60,40,-1,18.0,100,0,0,12,HUD Picture of Subsidized Households,0.22,0.12,0.01,0.55,0.99,0.45,0.87,0.59,0.29,0.6,0.14,0.19,0.22,0.11,0.33,0.06,0.02,0.04,0.0,320000.0,0.0,93700.0,80.0,140.0,97.0,125.0,84.0,141.0,101.0,114.0,0.0,180000.0,12.75,22.34,4.47,26.18,210525.0,21.0,98,2024-06-05,0,
1447,N/A,800004001,N/A,10071003001,New Horizons Properties Iv - Choice Apts,2101 NE 2ND ST,Gainesville,32609,Alachua,Medium,Rental Assistance/HUD;Section 811 Capital Advance,16,16,16.0,,0,1,0,0,0,Persons with Disabilities,Ready for Occupancy,1997,1997.0,Non-Profit,2038.0,29.671685994,-82.319525034,400,3,0,4,12,0,0,0,"New Horizons Properties IV Inc 4300  SW 13TH  ST -  GAINESVILLE, FL 32608-0000  (352) 374-5600 x8286",,,,,,0.0,607.0,615.0,0.0,0.0,76.0,0.0,92.0,105.0,0.0,0.0,0,,,763900.0,0,0,0,0,0,0,0,0,1,0,0,1,0,0,0,0,0,0,0,0,0,0,0,0,0,0,0,2024,0,0,0,0,0,0,0,0,0,0,2025,0,0,2037,0,0,0,,0,N,N,1.6,40.0,0,10,-1,-1,0,8749,8,-1,67,-1,25,12.0,85,15,0,20,HUD Picture of Subsidized Households,0.07,0.12,0.59,0.55,0.41,0.45,0.0,0.59,0.48,0.6,0.29,0.19,0.1,0.11,0.03,0.06,0.1,0.04,207500.0,320000.0,70000.0,93700.0,123.0,140.0,87.0,125.0,120.0,141.0,98.0,114.0,0.0,180000.0,29.66,22.34,24.75,26.18,12627.0,4.0,93b,2023-03-03,0,
74250,2863,N/A,FL063000002,10044000000,Oak Park - Gainesville,100 NE 8th Avenue,Gainesville,32601,Alachua,Medium,Elderly Housing Community Loan;Public Housing,101,101,,171.0,1,0,1,0,0,Elderly;Family,Ready for Occupancy,2018,1968.0,Public Housing Authority,,29.659596984,-82.323914972,301,2,60,41,0,0,0,0,Housing Authority City of Gainesville,0.0,21.0,80.0,0.0,0.0,0.0,0.0,0.0,0.0,0.0,0.0,0.0,0.0,0.0,0.0,0.0,0,,,4147500.0,0,0,0,0,0,1,0,0,0,0,0,0,0,0,0,0,1,0,0,0,0,0,0,0,0,0,0,0,0,0,0,0,0,0,0,0,0,0,0,0,0,0,0,0,0,,0,N,N,1.1,55.0,0,23,-1,1,6,13282,11,4,58,12,16,20.0,86,11,3,155,HUD Picture of Subsidized Households,0.14,0.12,0.26,0.55,0.74,0.45,0.67,0.59,0.56,0.6,0.31,0.19,0.07,0.11,0.02,0.06,0.05,0.04,225000.0,320000.0,65000.0,93700.0,147.0,140.0,120.0,125.0,145.0,141.0,98.0,114.0,130000.0,180000.0,19.11,22.34,19.05,26.18,64116.0,1.0,0,0,0,
1321,3207,800004109,N/A,10071002002,Pine Grove Apts,1901 NE 2nd Street,Gainesville,32609,Alachua,Medium,Elderly Housing Community Loan;Housing Credits 4%;Rental Assistance/HUD,97,97,96.0,,1,1,0,0,0,Elderly,Ready for Occupancy,1985,1984.0,Non-Profit,2042.0,29.669355992,-82.319857042,400,3,24,72,1,0,0,0,"PINE GROVE VOA AFFORDABLE HOUSING LP 1660 Duke Street - Attn: Earlene Ford Alexandria, VA 22314-  7033415000",0.0,20.0,77.0,0.0,0.0,922.0,1022.0,0.0,0.0,0.0,129.0,60.0,68.0,0.0,0.0,0.0,0,,,4418500.0,1,0,0,0,0,1,0,0,1,0,0,0,0,0,0,0,0,0,0,0,0,0,2024,0,0,0,0,2022,0,0,0,0,0,0,0,0,0,0,2042,0,0,0,0,0,0,,0,N,N,1.0,88.0,0,53,2,2,23,14547,-1,9,52,23,16,23.0,83,17,0,96,HUD Picture of Subsidized Households,0.07,0.12,0.59,0.55,0.41,0.45,0.0,0.59,0.48,0.6,0.29,0.19,0.1,0.11,0.03,0.06,0.1,0.04,207500.0,320000.0,70000.0,93700.0,123.0,140.0,87.0,125.0,120.0,141.0,98.0,114.0,0.0,180000.0,29.66,22.34,24.75,26.18,71585.0,1.0,93,2025-05-07,0,
7696,3189,N/A,N/A,0,Pine Hill Home,810 NW 109th Drive,Gainesville,,Alachua,Medium,Legislative Appropriation;Local Bonds,6,6,,,1,0,0,0,1,Persons with Disabilities,Ready for Occupancy,2019,0.0,Non-Profit,2031.0,0.0,0.0,0,0,0,0,0,0,0,,,2.0,0.0,4.0,0.0,0.0,,,,,,0.0,,,,,,0,,,,0,0,0,0,0,0,0,0,0,0,0,0,0,0,0,0,0,0,0,0,0,1,0,0,0,0,0,0,0,0,0,0,0,0,0,0,0,0,0,0,0,0,0,0,0,,,0,N,1.0,,0,0,0,0,0,11918,0,33,67,0,0,17.5,100,0,0,6,FHFC TIC Report,,0.12,,0.55,,0.45,,0.59,,0.6,,0.19,,0.11,,0.06,,0.04,,320000.0,,93700.0,,140.0,,125.0,,141.0,,114.0,,180000.0,,22.34,,26.18,,,0,0,Construction Category Not Found,
74140,N/A,N/A,FL063000003,11123000000,"Pine, Lake, Forest, Caroline",2626 E University Ave Apt 2,Gainesville,32641,Alachua,Medium,Public Housing,244,239,,239.0,0,0,1,0,0,Elderly;Family,Ready for Occupancy,1970,0.0,Public Housing Authority,,29.652353008,-82.290006989,600,3,0,36,93,110,0,0,0,,,,,,0.0,0.0,0.0,0.0,0.0,0.0,0.0,0.0,0.0,0.0,0.0,0,,,7557400.0,0,0,0,0,0,0,0,0,0,0,0,0,0,0,0,0,1,0,0,0,0,0,0,0,0,0,0,0,0,0,0,0,0,0,0,0,0,0,0,0,0,0,0,0,0,,0,Y,N,3.2,13.0,0,4,-1,1,4,17417,18,7,30,11,34,21.0,75,18,7,214,HUD Picture of Subsidized Households,0.12,0.12,0.39,0.55,0.61,0.45,0.07,0.59,0.02,0.6,0.95,0.19,0.01,0.11,0.0,0.06,0.02,0.04,132250.0,320000.0,33250.0,93700.0,94.0,140.0,76.0,125.0,88.0,141.0,72.0,114.0,0.0,180000.0,41.63,22.34,30.7,26.18,0.0,0.0,0,0,0,
8150,N/A,N/A,N/A,15552005000,ST FRANCIS HOUSE,2105 SW 14th St,Gainesville,32608-1509,Alachua,Medium,Section 8 Mod Rehab,16,16,,,0,1,0,0,0,0,Ready for Occupancy,0,1971.0,0,,29.632556001,-82.34006296,809,1,0,0,0,0,0,,,,,,,,,,,,,0.0,,,,,,0,,,,0,0,0,0,0,0,0,0,0,0,0,0,0,0,0,0,0,0,0,0,0,0,0,0,0,0,0,0,0,0,0,0,0,0,0,0,0,0,0,0,0,0,0,0,0,,,0,N,,,0,0,0,0,0,0,0,0,0,0,0,0.0,0,0,0,0,0,0.27,0.12,0.12,0.55,0.88,0.45,0.41,0.59,0.59,0.6,0.12,0.19,0.15,0.11,0.07,0.06,0.08,0.04,0.0,320000.0,0.0,93700.0,139.0,140.0,120.0,125.0,146.0,141.0,124.0,114.0,156000.0,180000.0,14.68,22.34,10.84,26.18,,,0,0,0,
1414,1083,800004175,N/A,9542003000,Sunset Apartments,1515 NW 10 Street,Gainesville,32601,Alachua,Medium,Rental Assistance/HUD;SAIL,40,40,25.0,,1,1,0,0,0,Family,Ready for Occupancy,1971,1970.0,Non-Profit,2053.0,29.665687987,-82.337422996,301,2,0,0,24,16,0,"Jeffrey Reed, 448 Depot Street NE, Christiansburg, 24073, contact phone: 5403822002, email: jreed@chpc2.org","D/B/A Residences at Oakview
Horizon Sunset Apartments LLC 150 Mount Vernon Street Suite 500 -  Boston, MA 02125-  6178227300",6.0,34.0,0.0,0.0,0.0,0.0,0.0,688.0,756.0,0.0,111.3,0.0,0.0,121.0,177.0,0.0,87,,,1195000.0,0,0,1,0,0,0,0,0,1,0,0,0,0,0,0,0,0,0,0,0,0,0,0,0,2000,0,0,2023,0,0,0,0,0,0,2053,0,0,0,2043,0,0,0,0,0,0,,N,N,N,2.84,13.0,83,0,0,0,0,17381,23,5,16,11,45,19.35,77,22,1,75,FHFC TIC Report,0.14,0.12,0.26,0.55,0.74,0.45,0.67,0.59,0.56,0.6,0.31,0.19,0.07,0.11,0.02,0.06,0.05,0.04,225000.0,320000.0,65000.0,93700.0,147.0,140.0,120.0,125.0,145.0,141.0,98.0,114.0,130000.0,180000.0,19.11,22.34,19.05,26.18,39671.0,1.0,78,2024-11-25,Acquisition/Rehab,
1263,N/A,800004310,N/A,7296020022,Sunset Satellite Apartments,3440 SW 28TH TERRACE,Gainesville,32608,Alachua,Medium,Rental Assistance/HUD;Section 223(f) Refi/Purchase,20,20,20.0,,0,1,0,0,0,Persons with Disabilities,Ready for Occupancy,1986,1986.0,Non-Profit,2038.0,29.619017006,-82.365845024,1517,1,0,20,0,0,0,0,"New Horizons Properties II, Inc. 4300 SW 13th Street -  Gainsville, FL 32608-  352-374-5600",,,,,,0.0,834.0,0.0,0.0,0.0,107.0,0.0,85.0,0.0,0.0,0.0,0,,,351200.0,0,0,0,0,0,0,0,0,1,0,0,0,0,0,0,0,0,0,0,0,0,0,0,0,0,0,0,2018,0,0,0,0,0,0,0,0,0,0,2038,0,0,0,0,0,0,,0,Y,N,1.0,35.0,0,41,-1,-1,6,12574,-1,6,69,13,13,19.0,88,12,0,17,HUD Picture of Subsidized Households,0.14,0.12,0.09,0.55,0.91,0.45,1.0,0.59,0.36,0.6,0.19,0.19,0.16,0.11,0.16,0.06,0.12,0.04,170000.0,320000.0,65250.0,93700.0,139.0,140.0,113.0,125.0,133.0,141.0,115.0,114.0,174800.0,180000.0,17.5,22.34,4.46,26.18,7886.0,2.0,74,2025-05-06,0,
1347,1417,800004562,N/A,8197002006,Sweetwater Square,3501 NE 15th Street,Gainesville,32609,Alachua,Medium,Housing Credits 4%;Local Bonds;Rental Assistance/HUD,200,200,162.0,,1,1,0,0,1,Family,Ready for Occupancy,1972,1972.0,For-Profit,2052.0,29.683971014,-82.305113022,400,1,0,40,70,70,20,"Gregory Perlman, 15301 Ventura Blvd B-570, Sherman Oaks, 91403, contact phone: 8188088600, email: greg@ghcapital.com","Forest & Village Preservation LP 250 West 55th Street, Floor 35 -  New York, NY 10019-9710  212-798-4070",0.0,0.0,200.0,0.0,0.0,0.0,1093.0,1173.0,1467.0,0.0,128.1,0.0,76.0,106.0,121.0,0.0,99,19500000.0,2020-5,1569800.0,1,0,0,0,0,0,0,0,1,0,0,0,0,0,0,0,0,0,0,0,0,1,2004,0,0,0,0,2020,0,0,0,0,2036,0,0,0,0,0,2040,0,0,0,0,0,0,2040.0,N,N,N,2.8,8.0,71,2,-1,3,6,12127,30,7,29,6,27,15.0,85,13,2,156,HUD Picture of Subsidized Households,0.07,0.12,0.59,0.55,0.41,0.45,0.0,0.59,0.48,0.6,0.29,0.19,0.1,0.11,0.03,0.06,0.1,0.04,207500.0,320000.0,70000.0,93700.0,123.0,140.0,87.0,125.0,120.0,141.0,98.0,114.0,0.0,180000.0,29.66,22.34,24.75,26.18,86053.0,20.0,97,2025-11-17,Acquisition/Rehab,
1284,2680,800004509,N/A,14282000000,The 400 Apartments,400 NW 1st Avenue,Gainesville,32601,Alachua,Medium,Housing Credits 9%;Rental Assistance/HUD,101,101,101.0,,1,1,0,0,0,Elderly;Family;Link,Ready for Occupancy,1979,1979.0,For-Profit,2066.0,29.653069996,-82.328793994,500,1,0,101,0,0,0,"J. David Page, 5403 West Gray Street, Tampa, 33609, contact phone: 2534603000, email: jdpage@vaughnbay.net","GE4 Apartments LLC 5403 W Gray ST -  Tampa, FL 33609-  25325347215",21.0,0.0,80.0,0.0,0.0,0.0,1104.0,0.0,0.0,0.0,116.0,0.0,0.0,0.0,0.0,0.0,97,,,2110700.0,0,1,0,0,0,0,0,0,1,0,0,0,0,0,0,0,0,0,0,0,0,0,0,2014,0,0,0,2015,0,0,0,0,0,2066,0,0,0,0,2035,0,0,0,0,0,0,,0,N,N,1.1,73.0,0,39,3,-1,6,13725,-1,4,67,21,8,21.0,93,7,0,100,HUD Picture of Subsidized Households,0.14,0.12,0.44,0.55,0.56,0.45,0.39,0.59,0.78,0.6,0.12,0.19,0.06,0.11,0.02,0.06,0.02,0.04,295000.0,320000.0,108000.0,93700.0,157.0,140.0,125.0,125.0,153.0,141.0,123.0,114.0,257250.0,180000.0,17.95,22.34,16.36,26.18,72608.0,1.0,95,2025-04-01,A/P,
74334,N/A,N/A,FL063000004,15969003000,The Grove at Sweetwater Preserve,175 SE 19th Pl,Gainesville,32641,Alachua,Medium,Public Housing,30,30,,30.0,0,0,1,0,0,0,Ready for Occupancy,2020,2020.0,Public Housing Authority,,29.632317996,-82.318718025,700,2,0,7,12,11,0,,,,,,,,,,,,,0.0,,,,,,0,,,,0,0,0,0,0,0,0,0,0,0,0,0,0,0,0,0,1,0,0,0,0,0,0,0,0,0,0,0,0,0,0,0,0,0,0,0,0,0,0,0,0,0,0,0,0,,,Y,N,2.6,15.0,0,4,-1,-1,7,18473,15,8,27,15,35,23.0,81,8,11,27,HUD Picture of Subsidized Households,0.14,0.12,0.65,0.55,0.35,0.45,0.08,0.59,0.3,0.6,0.63,0.19,0.05,0.11,0.0,0.06,0.03,0.04,170000.0,320000.0,60250.0,93700.0,95.0,140.0,95.0,125.0,93.0,141.0,83.0,114.0,0.0,180000.0,27.83,22.34,37.94,26.18,,,0,0,0,
6698,1574,800251305,N/A,11288001000,Tiger Bay Court,2415 SE 4th Lane,Gainesville,32541,Alachua,Medium,Housing Credits 9%;Section 223(f) Refi/Purchase,96,96,,,1,1,0,0,0,Family,Ready for Occupancy,2008,2007.0,For-Profit,2058.0,29.646902005,-82.292523991,600,3,0,0,32,64,0,"John Corbett, 2001 West Blue Heron Blvd., Riviera Beach, 33404, contact phone: 5616556775, email: jcorbett@gotpi.org",Partnership Inc.,0.0,46.0,50.0,0.0,0.0,0.0,0.0,709.0,760.0,0.0,81.0,0.0,0.0,152.0,194.0,0.0,95,6216000.0,2021-2,2120000.0,0,1,0,0,0,0,0,0,0,0,0,0,0,0,0,0,0,0,0,0,0,0,0,2006,0,0,0,0,0,0,0,0,0,2058,0,0,0,0,0,0,0,0,0,0,0,,N,Y,Y,2.76,12.0,64,0,0,0,0,23334,9,9,19,8,54,25.41,59,37,4,74,FHFC TIC Report,0.12,0.12,0.39,0.55,0.61,0.45,0.07,0.59,0.02,0.6,0.95,0.19,0.01,0.11,0.0,0.06,0.02,0.04,132250.0,320000.0,33250.0,93700.0,94.0,140.0,76.0,125.0,88.0,141.0,72.0,114.0,0.0,180000.0,41.63,22.34,30.7,26.18,121499.0,6.0,55,2025-06-17,New Construction,
2077,896,N/A,N/A,11301000000,Village Oaks,501 SE 18th Street,Gainesville,32641,Alachua,Medium,Housing Credits 9%,91,91,,,1,0,0,0,0,Family,Ready for Occupancy,2001,1975.0,For-Profit,2051.0,29.647873007,-82.301508972,700,3,0,88,3,0,0,"Yash Kakkar, 8895 North Military Trail, Suite 201E, Palm Beach Gardens, 33410, contact phone: 5616277988, email: ykakkar@creativechoice.net","Creative Choice Homes, Inc.",14.0,5.0,72.0,0.0,0.0,0.0,524.0,401.0,0.0,0.0,76.0,0.0,67.0,93.0,0.0,0.0,93,,,835600.0,0,1,0,0,0,0,0,0,0,0,0,0,0,0,0,0,0,0,0,0,0,0,0,1999,0,0,0,0,0,0,0,0,0,2051,0,0,0,0,0,0,0,0,0,0,0,,N,Y,N,1.18,47.0,4,0,0,0,0,16583,12,10,34,16,29,22.09,82,12,6,77,FHFC TIC Report,0.14,0.12,0.65,0.55,0.35,0.45,0.08,0.59,0.3,0.6,0.63,0.19,0.05,0.11,0.0,0.06,0.03,0.04,170000.0,320000.0,60250.0,93700.0,95.0,140.0,95.0,125.0,93.0,141.0,83.0,114.0,0.0,180000.0,27.83,22.34,37.94,26.18,53593.0,14.0,0,0,Acquisition/Rehab,
8319,3608,N/A,N/A,7176005000,Williston Pointe,SW 25th Terrace and SW Williston Road,Gainesville,32608,Alachua,Medium,Housing Credits 9%;National Housing Trust Fund (NHTF),80,80,,,1,0,0,0,0,Family;Link,Not Ready for Occupancy,2025,0.0,0,2076.0,29.610125,-82.36052,110800,1,0,0,40,40,0,,,0.0,8.0,72.0,0.0,0.0,,,,,,0.0,,,,,,0,,,,0,1,0,0,0,0,0,0,0,0,0,0,0,0,0,0,0,0,0,0,0,0,0,2024,0,0,0,0,0,0,0,0,0,2076,0,0,0,0,0,0,0,0,0,0,0,,,0,N,,,0,0,0,0,0,0,0,0,0,0,0,0.0,0,0,0,0,0,0.12,0.12,0.48,0.55,0.52,0.45,0.78,0.59,0.81,0.6,0.03,0.19,0.08,0.11,0.04,0.06,0.03,0.04,329950.0,320000.0,110950.0,93700.0,129.0,140.0,127.0,125.0,124.0,141.0,127.0,114.0,0.0,180000.0,8.83,22.34,65.35,26.18,,,0,0,Non-ESS,
8414,3721,N/A,N/A,0,Woodland Park II,SE 19th Place,Gainesville,32601,Alachua,Medium,Housing Credits 4%;SAIL;State HOME,144,144,,,1,0,0,0,0,Family;Link;Persons with Disabilities,Not Ready for Occupancy,2027,,Non-Profit,,29.632549,-82.317752,0,0,0,42,66,36,0,,,3.0,15.0,126.0,0.0,0.0,,,,,,0.0,,,,,,0,,,,1,0,1,0,1,0,0,0,0,0,0,0,0,0,0,0,0,0,0,0,0,0,2025,0,2025,0,2025,0,0,0,0,0,0,0,0,0,0,0,0,0,0,0,0,0,0,,,,,,,0,0,0,0,0,0,0,0,0,0,0,0.0,0,0,0,0,0,,,,,,,,,,,,,,,,,,,,,,,,,,,,,,,,,,,,,,,0,0,0,
74100,N/A,N/A,FL063000001,15969003000,"Woodland Park, Eastwood Meadows",1900 SE 4th St Apt 1,Gainesville,32641,Alachua,Medium,Public Housing,220,128,,128.0,0,0,1,0,0,Elderly;Family,Ready for Occupancy,1970,2020.0,Public Housing Authority,,29.63398302,-82.316413001,700,2,0,14,27,87,0,0,0,,,,,,0.0,0.0,0.0,0.0,0.0,0.0,0.0,0.0,0.0,0.0,0.0,0,,,7532900.0,0,0,0,0,0,0,0,0,0,0,0,0,0,0,0,0,1,0,0,0,0,0,0,0,0,0,0,0,0,0,0,0,0,0,0,0,0,0,0,0,0,0,0,0,0,,0,Y,N,3.2,10.0,0,4,-1,-1,1,18929,20,8,21,9,41,23.0,71,16,13,112,HUD Picture of Subsidized Households,0.14,0.12,0.65,0.55,0.35,0.45,0.08,0.59,0.3,0.6,0.63,0.19,0.05,0.11,0.0,0.06,0.03,0.04,170000.0,320000.0,60250.0,93700.0,95.0,140.0,95.0,125.0,93.0,141.0,83.0,114.0,0.0,180000.0,27.83,22.34,37.94,26.18,173360.0,100.0,0,0,0,
6502,N/A,N/A,N/A,19813001000,Washington Square,6010 SE 211TH ST,Hawthorne,32640,Alachua,Medium,Rental Assistance/RD;Section 515,28,28,27.0,,0,0,0,1,0,Family,Ready for Occupancy,1990,1990.0,Limited Dividend,2034.0,,,2002,2,0,4,20,4,0,0,0,,,,,,0.0,730.0,800.0,855.0,0.0,86.0,0.0,0.0,0.0,0.0,0.0,0,,,288300.0,0,0,0,0,0,0,0,0,0,0,0,0,0,0,0,0,0,0,1,1,0,0,0,0,0,0,0,0,0,1990,1990,0,0,0,0,0,0,0,0,0,0,0,0,0,2034,,0,N,N,1.65,15.0,38,27,0,65,6,26474,0,50,27,12,12,25.0,0,0,0,47,RD Multi Family Tenant Report,0.13,0.12,0.81,0.55,0.19,0.45,0.03,0.59,0.6,0.6,0.3,0.19,0.04,0.11,0.02,0.06,0.05,0.04,230000.0,320000.0,80050.0,93700.0,100.0,140.0,57.0,125.0,92.0,141.0,57.0,114.0,0.0,180000.0,20.44,22.34,36.14,26.18,21173.0,9.0,0,0,0,
1191,N/A,N/A,N/A,1902001000,Hammock Oaks Apts,205 NW CNTY RD 235,Newberry,32669,Alachua,Medium,Rental Assistance/RD;Section 515,37,37,22.0,,0,0,0,1,0,Family,Ready for Occupancy,1982,1982.0,Limited Dividend,2037.0,29.655080018,-82.597105001,2201,3,0,16,17,4,0,0,0,,,,,,0.0,493.0,388.0,558.0,0.0,51.0,0.0,0.0,0.0,0.0,0.0,0,,,571800.0,0,0,0,0,0,0,0,0,0,0,0,0,0,0,0,0,0,0,1,1,0,0,0,0,0,0,0,0,0,1982,1982,0,0,0,0,0,0,0,0,0,0,0,0,0,2037,,0,N,Y,1.89,26.0,22,54,0,41,7,29262,0,3,8,19,70,53.0,0,0,0,54,RD Multi Family Tenant Report,0.07,0.12,0.84,0.55,0.16,0.45,0.54,0.59,0.59,0.6,0.21,0.19,0.05,0.11,0.07,0.06,0.08,0.04,375000.0,320000.0,105050.0,93700.0,158.0,140.0,76.0,125.0,155.0,141.0,76.0,114.0,0.0,180000.0,38.81,22.34,27.59,26.18,31555.0,10.0,0,0,0,
1055,N/A,N/A,N/A,17265000000,Waldo Villas Ltd,218 N MAIN STREET,Waldo,32694,Alachua,Medium,Rental Assistance/RD;Section 515,32,32,14.0,,0,0,0,1,0,Family,Ready for Occupancy,1986,2018.0,Limited Dividend,2036.0,29.780243182,-82.169609901,1907,2,0,4,26,2,0,0,0,,,,,,0.0,460.0,485.0,515.0,0.0,53.0,0.0,0.0,0.0,0.0,0.0,0,,,563900.0,0,0,0,0,0,0,0,0,0,0,0,0,0,0,0,0,0,0,1,1,0,0,0,0,0,0,0,0,0,1986,1986,0,0,0,0,0,0,0,0,0,0,0,0,0,2036,,0,N,N,1.81,20.0,34,52,0,42,9,33214,0,0,10,26,65,61.0,0,0,0,56,RD Multi Family Tenant Report,0.15,0.12,0.79,0.55,0.21,0.45,0.05,0.59,0.84,0.6,0.06,0.19,0.07,0.11,0.0,0.06,0.02,0.04,309000.0,320000.0,109000.0,93700.0,124.0,140.0,,125.0,117.0,141.0,,114.0,0.0,180000.0,22.28,22.34,39.9,26.18,31419.0,7.0,0,0,0,
